"","Sample","Chromosome","Start_UBR5","End_UBR5","Segment_Mean_UBR5","Start_MYC","End_MYC","Segment_Mean_MYC"
"1","AVISO_p_4TCGA_242_238_250_mN_GenomeWideSNP_6_D02_1231580","8",84358447,107212441,0.0157,120488838,135163724,0.0309
"2","AVISO_p_4TCGA_242_238_250_mN_GenomeWideSNP_6_D03_1231606","8",84358447,111279265,0.0019,111288052,140852212,0.0048
"3","CENTS_p_TCGASNP_212_216_217_N_GenomeWideSNP_6_A08_1039526","8",78942056,139591259,0.0058,78942056,139591259,0.0058
"4","CENTS_p_TCGASNP_212_216_217_N_GenomeWideSNP_6_A10_1039456","8",94545887,106847912,0.3987,122449827,134068841,0.3998
"5","CENTS_p_TCGASNP_212_216_217_N_GenomeWideSNP_6_A11_1039474","8",63937166,136881227,0.0013,63937166,136881227,0.0013
"6","CENTS_p_TCGASNP_212_216_217_N_GenomeWideSNP_6_B08_1039482","8",50126018,114622478,-0.0011,114638468,145072769,0.003
"7","CENTS_p_TCGASNP_212_216_217_N_GenomeWideSNP_6_B10_1039494","8",82476438,141526384,1e-04,82476438,141526384,1e-04
"8","CENTS_p_TCGASNP_212_216_217_N_GenomeWideSNP_6_C01_1039484","8",40926161,143517008,0.0078,40926161,143517008,0.0078
"9","CENTS_p_TCGASNP_212_216_217_N_GenomeWideSNP_6_D02_1039480","8",96407679,106236002,-0.0038,119150615,142046163,-0.0029
"10","CENTS_p_TCGASNP_212_216_217_N_GenomeWideSNP_6_D04_1039442","8",78276379,137810080,-0.0151,78276379,137810080,-0.0151
"11","CENTS_p_TCGASNP_212_216_217_N_GenomeWideSNP_6_D08_1039492","8",40926161,139591259,0.0225,40926161,139591259,0.0225
"12","CENTS_p_TCGASNP_212_216_217_N_GenomeWideSNP_6_D10_1039584","8",84708459,103912268,0.1647,127347409,128634736,0.2184
"13","CENTS_p_TCGASNP_212_216_217_N_GenomeWideSNP_6_D11_1039576","8",81611254,108814571,0.0022,121986675,128744020,0.0166
"14","CENTS_p_TCGASNP_212_216_217_N_GenomeWideSNP_6_E02_1039424","8",71307628,117112537,0.042,117113327,136949463,0.2326
"15","CENTS_p_TCGASNP_212_216_217_N_GenomeWideSNP_6_E07_1039560","8",18413877,111279123,0.0241,111289023,145072769,0.0255
"16","CENTS_p_TCGASNP_212_216_217_N_GenomeWideSNP_6_E10_1039404","8",50126018,111282237,-0.0032,111288052,141031601,5e-04
"17","CENTS_p_TCGASNP_212_216_217_N_GenomeWideSNP_6_E11_1039556","8",93859919,104492909,0.0274,122613205,135155991,0.0347
"18","CENTS_p_TCGASNP_212_216_217_N_GenomeWideSNP_6_E12_1039438","8",96112652,111282050,-0.0036,111288052,135634774,0.0069
"19","CENTS_p_TCGASNP_212_216_217_N_GenomeWideSNP_6_F01_1039530","8",101119142,102980362,0.0931,126703636,128794751,0.0852
"20","CENTS_p_TCGASNP_212_216_217_N_GenomeWideSNP_6_F02_1039532","8",96407307,106194928,-0.0105,117122442,131238109,-0.0065
"21","CENTS_p_TCGASNP_212_216_217_N_GenomeWideSNP_6_F04_1039440","8",101750568,103883124,-0.0735,127259718,129017956,0.704
"22","CENTS_p_TCGASNP_212_216_217_N_GenomeWideSNP_6_F07_1039408","8",71307628,111279265,0.0016,114629356,134049012,0.0021
"23","CENTS_p_TCGASNP_212_216_217_N_GenomeWideSNP_6_F08_1039410","8",100850085,106439442,0.5683,121280915,137602200,0.5432
"24","CENTS_p_TCGASNP_212_216_217_N_GenomeWideSNP_6_F09_1039544","8",39977300,145072769,0.0022,39977300,145072769,0.0022
"25","CENTS_p_TCGASNP_212_216_217_N_GenomeWideSNP_6_F10_1039454","8",63936953,141316346,-0.0462,63936953,141316346,-0.0462
"26","CENTS_p_TCGASNP_212_216_217_N_GenomeWideSNP_6_F11_1039586","8",94545887,106879633,0.0064,111288052,128488727,0.0034
"27","CENTS_p_TCGASNP_212_216_217_N_GenomeWideSNP_6_F12_1039466","8",46634473,105986083,0.0057,111283031,142047413,-2e-04
"28","CENTS_p_TCGASNP_212_216_217_N_GenomeWideSNP_6_G02_1039416","8",94545701,104313602,-4e-04,114638468,128744020,-0.0087
"29","CENTS_p_TCGASNP_212_216_217_N_GenomeWideSNP_6_G03_1039550","8",97414704,103874261,-0.0106,127296592,128729290,0.0228
"30","CENTS_p_TCGASNP_212_216_217_N_GenomeWideSNP_6_G04_1039578","8",98927949,111282417,-0.0296,111283031,136881227,-0.0229
"31","CENTS_p_TCGASNP_212_216_217_N_GenomeWideSNP_6_G05_1039486","8",39531496,128744020,0.0011,39531496,128744020,0.0011
"32","CENTS_p_TCGASNP_212_216_217_N_GenomeWideSNP_6_G06_1039508","8",95839346,128744020,0.0859,95839346,128744020,0.0859
"33","CENTS_p_TCGASNP_212_216_217_N_GenomeWideSNP_6_G07_1039412","8",71307892,111279265,0.0018,111288052,138405136,9e-04
"34","CENTS_p_TCGASNP_212_216_217_N_GenomeWideSNP_6_G09_1039498","8",78276379,140906833,0.0023,78276379,140906833,0.0023
"35","NIZAM_p_TCGAb_406_07_08_09_10_N_GenomeWideSNP_6_C04_1486398","8",40926161,110136636,-0.0134,111283031,130835623,-0.0137
"36","NIZAM_p_TCGAb_406_07_08_09_10_N_GenomeWideSNP_6_C05_1486394","8",48724173,110794062,0.0993,111283031,135725352,0.0965
"37","NIZAM_p_TCGAb_406_07_08_09_10_N_GenomeWideSNP_6_C06_1486532","8",62127851,111282417,-0.0056,111283031,145072769,-0.0094
"38","NIZAM_p_TCGAb_406_07_08_09_10_N_GenomeWideSNP_6_C07_1486516","8",94204038,104262599,-0.1406,124952552,128152393,-0.1216
"39","NIZAM_p_TCGAb_406_07_08_09_10_N_GenomeWideSNP_6_C08_1486424","8",71303987,114628588,-0.0127,114638468,128744020,-0.0112
"40","NIZAM_p_TCGAb_406_07_08_09_10_N_GenomeWideSNP_6_C09_1486504","8",94168883,103697366,0.1103,119150615,128744020,0.0984
"41","NIZAM_p_TCGAb_406_07_08_09_10_N_GenomeWideSNP_6_C10_1486464","8",53047084,111279265,0.4752,114629460,145072769,0.4724
"42","NIZAM_p_TCGAb_406_07_08_09_10_N_GenomeWideSNP_6_C11_1486392","8",95627355,105992806,0.1952,114879397,136660533,0.189
"43","NIZAM_p_TCGAb_406_07_08_09_10_N_GenomeWideSNP_6_C12_1486404","8",86306413,114619207,-8e-04,114626121,144461735,-0.0046
"44","NIZAM_p_TCGAb_406_07_08_09_10_N_GenomeWideSNP_6_D01_1486536","8",95246823,114849557,0.2808,114856178,128081590,0.287
"45","SWEDE_p_TCGAb322_23_24_25_26NSP_GenomeWideSNP_6_G05_1364922","8",74102879,111279265,0.0036,114638468,140737899,0.0038
"46","SWEDE_p_TCGAb322_23_24_25_26NSP_GenomeWideSNP_6_G06_1364786","8",65525334,106011531,0.001,114638468,127973398,0.0037
"47","SWEDE_p_TCGAb322_23_24_25_26NSP_GenomeWideSNP_6_G08_1364920","8",94545887,105924630,-0.0749,111288052,137064340,-0.0684
"48","SWEDE_p_TCGAb322_23_24_25_26NSP_GenomeWideSNP_6_G09_1364886","8",62384352,114619814,0.0048,126939250,128744020,0.0074
"49","SWEDE_p_TCGAb322_23_24_25_26NSP_GenomeWideSNP_6_G10_1364968","8",53004794,114622258,-0.0078,114638468,128744020,-0.0078
"50","SWEDE_p_TCGAb322_23_24_25_26NSP_GenomeWideSNP_6_G11_1364932","8",39530780,141031695,-0.0044,39530780,141031695,-0.0044
"51","SWEDE_p_TCGAb322_23_24_25_26NSP_GenomeWideSNP_6_G12_1364830","8",63936953,111279265,-0.1509,113666977,141371192,0.2156
"52","SWEDE_p_TCGAb322_23_24_25_26NSP_GenomeWideSNP_6_H01_1364876","8",99809806,103592707,0.0655,122335999,131751109,0.0366
"53","SWEDE_p_TCGAb322_23_24_25_26NSP_GenomeWideSNP_6_H02_1364850","8",94545764,111282809,0.0018,111288052,141053414,0.0079
"54","SWEDE_p_TCGAb322_23_24_25_26NSP_GenomeWideSNP_6_H04_1364844","8",46284404,125528918,-0.0093,125533955,134988235,0.0017
"55","SWEDE_p_TCGAb322_23_24_25_26NSP_GenomeWideSNP_6_H05_1364898","8",71307628,111279265,-0.0148,114629356,127935979,-0.0216
"56","SWEDE_p_TCGAb322_23_24_25_26NSP_GenomeWideSNP_6_H06_1364906","8",71307628,111282237,0.0098,114629502,127935979,0.0144
"57","SWEDE_p_TCGAb322_23_24_25_26NSP_GenomeWideSNP_6_H07_1364938","8",87255177,145072769,0.0038,87255177,145072769,0.0038
"58","SWEDE_p_TCGAb322_23_24_25_26NSP_GenomeWideSNP_6_H08_1364952","8",94291228,104251020,0.0153,118794929,128072667,0.0052
"59","SWEDE_p_TCGAb322_23_24_25_26NSP_GenomeWideSNP_6_H09_1364838","8",71307628,114619814,0.0055,126574883,128744020,0.0024
"60","SWEDE_p_TCGAb322_23_24_25_26NSP_GenomeWideSNP_6_H10_1364852","8",93056198,114622325,-0.2198,126573128,128744020,-0.2033
"61","SWEDE_p_TCGAb322_23_24_25_26NSP_GenomeWideSNP_6_H11_1364888","8",79168184,111279265,-0.0018,114629356,145072769,-0.006
"62","SWEDE_p_TCGAb322_23_24_25_26NSP_GenomeWideSNP_6_H12_1364856","8",61402372,111279265,0.0141,114638468,135656286,0.0375
"63","VOLAR_p_TCGAb_397_398_399_NSP_GenomeWideSNP_6_A01_1473332","8",52968293,111279265,-0.0026,111288052,145072769,0.0014
"64","VOLAR_p_TCGAb_397_398_399_NSP_GenomeWideSNP_6_A02_1473426","8",67307775,111279265,0.0147,121926098,135670910,0.2444
"65","VOLAR_p_TCGAb_397_398_399_NSP_GenomeWideSNP_6_A03_1473342","8",60954797,111279265,-0.0036,111288052,136669376,0.0031
"66","VOLAR_p_TCGAb_397_398_399_NSP_GenomeWideSNP_6_A05_1473312","8",60957888,111279265,-0.0051,118480743,136665653,-0.0077
"67","VOLAR_p_TCGAb_397_398_399_NSP_GenomeWideSNP_6_A06_1473336","8",71307628,111279265,0.0012,111288052,139242601,-0.0013
"68","VOLAR_p_TCGAb_397_398_399_NSP_GenomeWideSNP_6_A07_1473378","8",97302766,103678365,-0.0043,121993662,127828030,-0.0116
"69","VOLAR_p_TCGAb_397_398_399_NSP_GenomeWideSNP_6_A08_1473300","8",71307628,106022892,-0.0216,114642539,135608540,-0.0207
"70","VOLAR_p_TCGAb_397_398_399_NSP_GenomeWideSNP_6_A09_1473382","8",40926161,111279265,-0.0678,122858226,135213177,-0.0381
"71","VOLAR_p_TCGAb_397_398_399_NSP_GenomeWideSNP_6_A10_1473452","8",39530780,111279123,-0.0045,126075112,138516641,-0.001
"72","VOLAR_p_TCGAb_397_398_399_NSP_GenomeWideSNP_6_A11_1473346","8",71304266,111279123,-0.0721,114638468,137336524,-0.0555
"73","VOLAR_p_TCGAb_397_398_399_NSP_GenomeWideSNP_6_A12_1473320","8",39530780,111282237,-0.0044,119895399,135905676,0.0059
"74","VOLAR_p_TCGAb_397_398_399_NSP_GenomeWideSNP_6_B01_1473402","8",39530780,111279265,0.1439,114638468,134049012,0.1384
"75","VOLAR_p_TCGAb_397_398_399_NSP_GenomeWideSNP_6_B02_1473468","8",88698848,111279265,-0.0025,114650365,145072769,-0.0028
"76","VOLAR_p_TCGAb_397_398_399_NSP_GenomeWideSNP_6_B03_1473448","8",99532223,103647770,0.5455,127041601,128931934,0.5443
"77","VOLAR_p_TCGAb_397_398_399_NSP_GenomeWideSNP_6_B04_1473414","8",102044546,111279265,0.004,111288052,141564139,4e-04
"78","VOLAR_p_TCGAb_397_398_399_NSP_GenomeWideSNP_6_B05_1473380","8",99608816,106022852,-0.0109,114638468,132504105,-0.0114
"79","VOLAR_p_TCGAb_397_398_399_NSP_GenomeWideSNP_6_B06_1473396","8",54298653,111279265,-8e-04,115789085,128744020,0.0012
"80","VOLAR_p_TCGAb_397_398_399_NSP_GenomeWideSNP_6_B07_1473350","8",96562354,103660665,-0.4223,122048865,128508668,0.054
"81","VOLAR_p_TCGAb_397_398_399_NSP_GenomeWideSNP_6_B08_1473364","8",39530780,111279265,0,111288052,134046077,0.0055
"82","VOLAR_p_TCGAb_397_398_399_NSP_GenomeWideSNP_6_B09_1473338","8",39538338,111279265,0.0408,111288052,134046077,0.0397
"83","VOLAR_p_TCGAb_397_398_399_NSP_GenomeWideSNP_6_B10_1473372","8",40926161,111279265,-0.0068,111288052,140990563,-0.0117
"84","VOLAR_p_TCGAb_397_398_399_NSP_GenomeWideSNP_6_B11_1473374","8",96753577,103984746,0.0359,124811724,128670519,0.0722
"85","VOLAR_p_TCGAb_397_398_399_NSP_GenomeWideSNP_6_B12_1473390","8",86777618,145072769,-0.0048,86777618,145072769,-0.0048
"86","VOLAR_p_TCGAb_397_398_399_NSP_GenomeWideSNP_6_C01_1473328","8",100676883,102618912,-0.3012,125145204,128045278,1.0484
"87","VOLAR_p_TCGAb_397_398_399_NSP_GenomeWideSNP_6_C02_1473348","8",84395635,106378113,-0.0049,115794569,128744020,0.0014
"88","VOLAR_p_TCGAb_397_398_399_NSP_GenomeWideSNP_6_C04_1473376","8",39529446,111279265,-0.0042,111288052,128744020,-4e-04
"89","VOLAR_p_TCGAb_397_398_399_NSP_GenomeWideSNP_6_C05_1473326","8",71304364,111279265,-0.0954,111288052,128744020,-0.102
"90","VOLAR_p_TCGAb_397_398_399_NSP_GenomeWideSNP_6_C06_1473410","8",39522148,111279123,-0.0081,114638468,142662564,-0.0054
"91","VOLAR_p_TCGAb_397_398_399_NSP_GenomeWideSNP_6_C07_1473454","8",101766935,102980362,0.0319,126825422,128129820,0.0294
"92","XYLEM_p_TCGASNP_207_212_N_GenomeWideSNP_6_A01_1051280","8",82878050,110414967,0.0136,111288052,144652962,0.0077
"93","XYLEM_p_TCGASNP_207_212_N_GenomeWideSNP_6_A04_1051224","8",39530780,110420132,6e-04,111288052,144630311,-0.0027
